Severity,accident_count,avg_Severity,avg_Start_Lat,avg_Start_Lng,avg_Distance(mi),avg_Temperature(F),avg_Wind_Chill(F),avg_Humidity(%),avg_Pressure(in),avg_Visibility(mi),avg_Wind_Speed(mph),avg_Precipitation(in),avg_day_of_week_num,avg_duration_minutes,count_true_Amenity,count_true_Bump,count_true_Crossing,count_true_Give_Way,count_true_Junction,count_true_No_Exit,count_true_Railway,count_true_Roundabout,count_true_Station,count_true_Stop,count_true_Traffic_Calming,count_true_Traffic_Signal,count_true_Turning_Loop,count_true_rush_hour,count_true_twilight
1,67366,1.0,35.656207071311925,-94.54536974730576,0.11450731824183108,72.41767236174836,72.23640568522944,61.90745194125565,29.206987832356926,9.475378663575743,7.1423016329869435,0.0048261111027723125,4.038520915595404,53.78299389405096,1379,34,18691,549,3127,381,1064,0,2708,2643,86,26341,0,41167,0
3,1299308,3.0,36.67175319777514,-93.94852947279871,0.4197246904119091,62.20127814370336,57.33990995739697,65.38153014262735,29.68670470866659,9.092652898769465,8.317188391875161,0.009047537636015958,4.073791587521973,74.80897359722785,4030,305,48031,4739,132495,1834,8577,5,12388,7651,851,88609,0,596121,0
4,204697,4.0,37.84376950176523,-88.60707569239995,1.4881625916106758,58.143170998894405,54.25999419411026,67.30110087938873,29.40511017004561,9.060822325402215,7.65646798252057,0.005166452612480389,4.039497403479289,1685.4431455598628,2033,30,13494,1171,20579,369,1557,6,2768,5687,99,20150,0,65689,0
2,6156937,2.0,36.05318018508032,-95.06591521744785,0.5639265764808211,61.54728625446982,59.01437712158295,64.66564445312905,29.515865528130636,9.08660403189925,7.566553167456286,0.005606058919082339,4.08895933156373,485.4392348716922,88892,3144,793546,30123,415132,16960,55781,238,184037,198385,6561,1008672,0,2689364,0
